<?xml version='1.0' encoding='UTF-8'?>
<image h="128" w="128"><stack><layer composite-op="svg:src-over" name="Vložená vrstva" opacity="1.0" src="data/000.png" visibility="visible" x="0" y="0" /><layer composite-op="svg:src-over" name="Vložená vrstva #1" opacity="1.0" src="data/001.png" visibility="visible" x="0" y="0" /><layer composite-op="svg:src-over" name="Vložená vrstva #2" opacity="1.0" src="data/002.png" visibility="visible" x="0" y="0" /><layer composite-op="svg:src-over" name="Vložená vrstva #3" opacity="1.0" src="data/003.png" visibility="visible" x="0" y="0" /><layer composite-op="svg:src-over" name="Vložená vrstva #4" opacity="1.0" src="data/004.png" visibility="visible" x="0" y="0" /><layer composite-op="svg:src-over" name="Vložená vrstva #5" opacity="1.0" src="data/005.png" visibility="visible" x="0" y="0" /><layer composite-op="svg:src-over" name="Vložená vrstva #6" opacity="1.0" src="data/006.png" visibility="visible" x="0" y="0" /><layer composite-op="svg:src-over" name="Vložená vrstva #7" opacity="1.0" src="data/007.png" visibility="visible" x="0" y="0" /></stack></image>